timestamp,sensor_id,value,unit
2026-05-01 08:00:00,temperature,22.14,摄氏度
2026-05-01 08:00:00,pressure,1.06,MPa
2026-05-01 08:00:00,vibration,4.96,mm/s
2026-05-01 08:01:00,temperature,31.54,摄氏度
2026-05-01 08:01:00,pressure,1.16,MPa
2026-05-01 08:01:00,vibration,4.73,mm/s
2026-05-01 08:02:00,temperature,85.13,摄氏度
2026-05-01 08:02:00,pressure,0.87,MPa
2026-05-01 08:02:00,vibration,4.91,mm/s
2026-05-01 08:03:00,temperature,29.04,摄氏度
2026-05-01 08:03:00,pressure,1.01,MPa
2026-05-01 08:03:00,vibration,1.51,mm/s
2026-05-01 08:04:00,temperature,32.41,摄氏度
2026-05-01 08:04:00,pressure,1.19,MPa
2026-05-01 08:04:00,vibration,3.62,mm/s
2026-05-01 08:05:00,temperature,27.77,摄氏度
2026-05-01 08:05:00,pressure,1.11,MPa
2026-05-01 08:05:00,vibration,0.85,mm/s
2026-05-01 08:06:00,temperature,23.17,摄氏度
2026-05-01 08:06:00,pressure,1.12,MPa
2026-05-01 08:06:00,vibration,2.06,mm/s
2026-05-01 08:07:00,temperature,34.54,摄氏度
2026-05-01 08:07:00,pressure,0.9,MPa
2026-05-01 08:07:00,vibration,4.49,mm/s
2026-05-01 08:08:00,temperature,31.89,摄氏度
2026-05-01 08:08:00,pressure,0.92,MPa
2026-05-01 08:08:00,vibration,0.12,mm/s
2026-05-01 08:09:00,temperature,26.76,摄氏度
2026-05-01 08:09:00,pressure,1.03,MPa
2026-05-01 08:09:00,vibration,1.2,mm/s
2026-05-01 08:10:00,temperature,25.67,摄氏度
2026-05-01 08:10:00,pressure,1.07,MPa
2026-05-01 08:10:00,vibration,3.65,mm/s
2026-05-01 08:11:00,temperature,28.42,摄氏度
2026-05-01 08:11:00,pressure,1.0,MPa
2026-05-01 08:11:00,vibration,4.42,mm/s
2026-05-01 08:12:00,temperature,28.76,摄氏度
2026-05-01 08:12:00,pressure,0.82,MPa
2026-05-01 08:12:00,vibration,4.76,mm/s
2026-05-01 08:13:00,temperature,29.65,摄氏度
2026-05-01 08:13:00,pressure,0.96,MPa
2026-05-01 08:13:00,vibration,1.6,mm/s
2026-05-01 08:14:00,temperature,23.56,摄氏度
2026-05-01 08:14:00,pressure,0.9,MPa
2026-05-01 08:14:00,vibration,3.93,mm/s
2026-05-01 08:15:00,temperature,27.97,摄氏度
2026-05-01 08:15:00,pressure,1.1,MPa
2026-05-01 08:15:00,vibration,15.19,mm/s
2026-05-01 08:16:00,temperature,30.49,摄氏度
2026-05-01 08:16:00,pressure,2.11,MPa
2026-05-01 08:16:00,vibration,0.06,mm/s
2026-05-01 08:17:00,temperature,24.1,摄氏度
2026-05-01 08:17:00,pressure,0.84,MPa
2026-05-01 08:17:00,vibration,3.25,mm/s
2026-05-01 08:18:00,temperature,99.71,摄氏度
2026-05-01 08:18:00,pressure,1.08,MPa
2026-05-01 08:18:00,vibration,3.48,mm/s
2026-05-01 08:19:00,temperature,24.71,摄氏度
2026-05-01 08:19:00,pressure,1.19,MPa
2026-05-01 08:19:00,vibration,0.18,mm/s
2026-05-01 08:20:00,temperature,25.48,摄氏度
2026-05-01 08:20:00,pressure,1.1,MPa
2026-05-01 08:20:00,vibration,2.42,mm/s
2026-05-01 08:21:00,temperature,20.42,摄氏度
2026-05-01 08:21:00,pressure,1.1,MPa
2026-05-01 08:21:00,vibration,1.55,mm/s
2026-05-01 08:22:00,temperature,20.2,摄氏度
2026-05-01 08:22:00,pressure,1.04,MPa
2026-05-01 08:22:00,vibration,1.54,mm/s
2026-05-01 08:23:00,temperature,28.36,摄氏度
2026-05-01 08:23:00,pressure,0.84,MPa
2026-05-01 08:23:00,vibration,3.12,mm/s
2026-05-01 08:24:00,temperature,20.13,摄氏度
2026-05-01 08:24:00,pressure,0.91,MPa
2026-05-01 08:24:00,vibration,1.78,mm/s
2026-05-01 08:25:00,temperature,30.97,摄氏度
2026-05-01 08:25:00,pressure,0.87,MPa
2026-05-01 08:25:00,vibration,2.75,mm/s
2026-05-01 08:26:00,temperature,27.23,摄氏度
2026-05-01 08:26:00,pressure,0.91,MPa
2026-05-01 08:26:00,vibration,1.56,mm/s
2026-05-01 08:27:00,temperature,86.81,摄氏度
2026-05-01 08:27:00,pressure,0.99,MPa
2026-05-01 08:27:00,vibration,0.28,mm/s
2026-05-01 08:28:00,temperature,33.34,摄氏度
2026-05-01 08:28:00,pressure,1.04,MPa
2026-05-01 08:28:00,vibration,0.9,mm/s
2026-05-01 08:29:00,temperature,81.51,摄氏度
2026-05-01 08:29:00,pressure,1.03,MPa
2026-05-01 08:29:00,vibration,2.33,mm/s
2026-05-01 08:30:00,temperature,20.91,摄氏度
2026-05-01 08:30:00,pressure,1.11,MPa
2026-05-01 08:30:00,vibration,1.44,mm/s
2026-05-01 08:31:00,temperature,33.57,摄氏度
2026-05-01 08:31:00,pressure,1.07,MPa
2026-05-01 08:31:00,vibration,1.93,mm/s
2026-05-01 08:32:00,temperature,31.97,摄氏度
2026-05-01 08:32:00,pressure,1.18,MPa
2026-05-01 08:32:00,vibration,3.65,mm/s
2026-05-01 08:33:00,temperature,26.43,摄氏度
2026-05-01 08:33:00,pressure,1.16,MPa
2026-05-01 08:33:00,vibration,0.55,mm/s
2026-05-01 08:34:00,temperature,21.22,摄氏度
2026-05-01 08:34:00,pressure,1.04,MPa
2026-05-01 08:34:00,vibration,1.08,mm/s
2026-05-01 08:35:00,temperature,25.22,摄氏度
2026-05-01 08:35:00,pressure,1.16,MPa
2026-05-01 08:35:00,vibration,2.99,mm/s
2026-05-01 08:36:00,temperature,29.98,摄氏度
2026-05-01 08:36:00,pressure,0.96,MPa
2026-05-01 08:36:00,vibration,2.99,mm/s
2026-05-01 08:37:00,temperature,30.95,摄氏度
2026-05-01 08:37:00,pressure,1.01,MPa
2026-05-01 08:37:00,vibration,2.91,mm/s
2026-05-01 08:38:00,temperature,31.32,摄氏度
2026-05-01 08:38:00,pressure,0.83,MPa
2026-05-01 08:38:00,vibration,1.99,mm/s
2026-05-01 08:39:00,temperature,23.11,摄氏度
2026-05-01 08:39:00,pressure,0.9,MPa
2026-05-01 08:39:00,vibration,0.39,mm/s
2026-05-01 08:40:00,temperature,26.38,摄氏度
2026-05-01 08:40:00,pressure,0.98,MPa
2026-05-01 08:40:00,vibration,2.36,mm/s
2026-05-01 08:41:00,temperature,30.28,摄氏度
2026-05-01 08:41:00,pressure,0.92,MPa
2026-05-01 08:41:00,vibration,21.37,mm/s
2026-05-01 08:42:00,temperature,32.24,摄氏度
2026-05-01 08:42:00,pressure,0.97,MPa
2026-05-01 08:42:00,vibration,4.56,mm/s
2026-05-01 08:43:00,temperature,30.51,摄氏度
2026-05-01 08:43:00,pressure,0.94,MPa
2026-05-01 08:43:00,vibration,2.86,mm/s
2026-05-01 08:44:00,temperature,29.91,摄氏度
2026-05-01 08:44:00,pressure,0.81,MPa
2026-05-01 08:44:00,vibration,2.3,mm/s
2026-05-01 08:45:00,temperature,22.82,摄氏度
2026-05-01 08:45:00,pressure,1.1,MPa
2026-05-01 08:45:00,vibration,4.43,mm/s
2026-05-01 08:46:00,temperature,24.21,摄氏度
2026-05-01 08:46:00,pressure,0.88,MPa
2026-05-01 08:46:00,vibration,4.67,mm/s
2026-05-01 08:47:00,temperature,25.91,摄氏度
2026-05-01 08:47:00,pressure,0.85,MPa
2026-05-01 08:47:00,vibration,16.54,mm/s
2026-05-01 08:48:00,temperature,20.11,摄氏度
2026-05-01 08:48:00,pressure,0.9,MPa
2026-05-01 08:48:00,vibration,2.68,mm/s
2026-05-01 08:49:00,temperature,27.17,摄氏度
2026-05-01 08:49:00,pressure,0.9,MPa
2026-05-01 08:49:00,vibration,4.37,mm/s
2026-05-01 08:50:00,temperature,27.96,摄氏度
2026-05-01 08:50:00,pressure,1.1,MPa
2026-05-01 08:50:00,vibration,4.78,mm/s
2026-05-01 08:51:00,temperature,32.88,摄氏度
2026-05-01 08:51:00,pressure,0.81,MPa
2026-05-01 08:51:00,vibration,3.82,mm/s
2026-05-01 08:52:00,temperature,20.97,摄氏度
2026-05-01 08:52:00,pressure,1.19,MPa
2026-05-01 08:52:00,vibration,4.42,mm/s
2026-05-01 08:53:00,temperature,25.46,摄氏度
2026-05-01 08:53:00,pressure,1.16,MPa
2026-05-01 08:53:00,vibration,1.24,mm/s
2026-05-01 08:54:00,temperature,24.97,摄氏度
2026-05-01 08:54:00,pressure,1.11,MPa
2026-05-01 08:54:00,vibration,2.31,mm/s
2026-05-01 08:55:00,temperature,27.84,摄氏度
2026-05-01 08:55:00,pressure,0.92,MPa
2026-05-01 08:55:00,vibration,0.11,mm/s
2026-05-01 08:56:00,temperature,93.12,摄氏度
2026-05-01 08:56:00,pressure,0.89,MPa
2026-05-01 08:56:00,vibration,4.16,mm/s
2026-05-01 08:57:00,temperature,27.79,摄氏度
2026-05-01 08:57:00,pressure,1.1,MPa
2026-05-01 08:57:00,vibration,2.5,mm/s
2026-05-01 08:58:00,temperature,25.42,摄氏度
2026-05-01 08:58:00,pressure,0.85,MPa
2026-05-01 08:58:00,vibration,23.61,mm/s
2026-05-01 08:59:00,temperature,28.39,摄氏度
2026-05-01 08:59:00,pressure,0.9,MPa
2026-05-01 08:59:00,vibration,15.11,mm/s
2026-05-01 09:00:00,temperature,33.69,摄氏度
2026-05-01 09:00:00,pressure,0.91,MPa
2026-05-01 09:00:00,vibration,0.98,mm/s
2026-05-01 09:01:00,temperature,20.29,摄氏度
2026-05-01 09:01:00,pressure,0.99,MPa
2026-05-01 09:01:00,vibration,0.97,mm/s
2026-05-01 09:02:00,temperature,34.26,摄氏度
2026-05-01 09:02:00,pressure,1.13,MPa
2026-05-01 09:02:00,vibration,3.92,mm/s
2026-05-01 09:03:00,temperature,90.27,摄氏度
2026-05-01 09:03:00,pressure,0.83,MPa
2026-05-01 09:03:00,vibration,2.59,mm/s
2026-05-01 09:04:00,temperature,34.51,摄氏度
2026-05-01 09:04:00,pressure,1.17,MPa
2026-05-01 09:04:00,vibration,2.69,mm/s
2026-05-01 09:05:00,temperature,21.03,摄氏度
2026-05-01 09:05:00,pressure,1.14,MPa
2026-05-01 09:05:00,vibration,20.83,mm/s
2026-05-01 09:06:00,temperature,88.83,摄氏度
2026-05-01 09:06:00,pressure,1.16,MPa
2026-05-01 09:06:00,vibration,3.27,mm/s
2026-05-01 09:07:00,temperature,23.57,摄氏度
2026-05-01 09:07:00,pressure,0.85,MPa
2026-05-01 09:07:00,vibration,2.76,mm/s
2026-05-01 09:08:00,temperature,22.99,摄氏度
2026-05-01 09:08:00,pressure,1.04,MPa
2026-05-01 09:08:00,vibration,1.22,mm/s
2026-05-01 09:09:00,temperature,22.94,摄氏度
2026-05-01 09:09:00,pressure,0.92,MPa
2026-05-01 09:09:00,vibration,3.9,mm/s
2026-05-01 09:10:00,temperature,29.7,摄氏度
2026-05-01 09:10:00,pressure,1.0,MPa
2026-05-01 09:10:00,vibration,0.57,mm/s
2026-05-01 09:11:00,temperature,28.04,摄氏度
2026-05-01 09:11:00,pressure,0.94,MPa
2026-05-01 09:11:00,vibration,2.06,mm/s
2026-05-01 09:12:00,temperature,29.44,摄氏度
2026-05-01 09:12:00,pressure,1.19,MPa
2026-05-01 09:12:00,vibration,4.47,mm/s
2026-05-01 09:13:00,temperature,30.43,摄氏度
2026-05-01 09:13:00,pressure,1.13,MPa
2026-05-01 09:13:00,vibration,2.47,mm/s
2026-05-01 09:14:00,temperature,30.56,摄氏度
2026-05-01 09:14:00,pressure,1.02,MPa
2026-05-01 09:14:00,vibration,0.53,mm/s
2026-05-01 09:15:00,temperature,26.44,摄氏度
2026-05-01 09:15:00,pressure,0.99,MPa
2026-05-01 09:15:00,vibration,1.53,mm/s
2026-05-01 09:16:00,temperature,29.48,摄氏度
2026-05-01 09:16:00,pressure,2.69,MPa
2026-05-01 09:16:00,vibration,1.38,mm/s
2026-05-01 09:17:00,temperature,25.92,摄氏度
2026-05-01 09:17:00,pressure,1.11,MPa
2026-05-01 09:17:00,vibration,0.54,mm/s
2026-05-01 09:18:00,temperature,24.32,摄氏度
2026-05-01 09:18:00,pressure,0.88,MPa
2026-05-01 09:18:00,vibration,0.48,mm/s
2026-05-01 09:19:00,temperature,32.42,摄氏度
2026-05-01 09:19:00,pressure,0.86,MPa
2026-05-01 09:19:00,vibration,0.24,mm/s
2026-05-01 09:20:00,temperature,27.81,摄氏度
2026-05-01 09:20:00,pressure,0.96,MPa
2026-05-01 09:20:00,vibration,3.43,mm/s
2026-05-01 09:21:00,temperature,23.47,摄氏度
2026-05-01 09:21:00,pressure,1.0,MPa
2026-05-01 09:21:00,vibration,3.21,mm/s
2026-05-01 09:22:00,temperature,22.68,摄氏度
2026-05-01 09:22:00,pressure,0.92,MPa
2026-05-01 09:22:00,vibration,4.72,mm/s
2026-05-01 09:23:00,temperature,27.96,摄氏度
2026-05-01 09:23:00,pressure,1.03,MPa
2026-05-01 09:23:00,vibration,2.51,mm/s
2026-05-01 09:24:00,temperature,30.62,摄氏度
2026-05-01 09:24:00,pressure,1.03,MPa
2026-05-01 09:24:00,vibration,1.63,mm/s
2026-05-01 09:25:00,temperature,28.55,摄氏度
2026-05-01 09:25:00,pressure,1.07,MPa
2026-05-01 09:25:00,vibration,3.81,mm/s
2026-05-01 09:26:00,temperature,21.36,摄氏度
2026-05-01 09:26:00,pressure,0.97,MPa
2026-05-01 09:26:00,vibration,0.47,mm/s
2026-05-01 09:27:00,temperature,33.48,摄氏度
2026-05-01 09:27:00,pressure,0.82,MPa
2026-05-01 09:27:00,vibration,1.38,mm/s
2026-05-01 09:28:00,temperature,28.62,摄氏度
2026-05-01 09:28:00,pressure,1.13,MPa
2026-05-01 09:28:00,vibration,2.94,mm/s
2026-05-01 09:29:00,temperature,27.29,摄氏度
2026-05-01 09:29:00,pressure,1.17,MPa
2026-05-01 09:29:00,vibration,3.45,mm/s
2026-05-01 09:30:00,temperature,31.86,摄氏度
2026-05-01 09:30:00,pressure,1.05,MPa
2026-05-01 09:30:00,vibration,2.9,mm/s
2026-05-01 09:31:00,temperature,33.73,摄氏度
2026-05-01 09:31:00,pressure,2.97,MPa
2026-05-01 09:31:00,vibration,2.97,mm/s
2026-05-01 09:32:00,temperature,33.75,摄氏度
2026-05-01 09:32:00,pressure,0.96,MPa
2026-05-01 09:32:00,vibration,1.86,mm/s
2026-05-01 09:33:00,temperature,34.84,摄氏度
2026-05-01 09:33:00,pressure,1.09,MPa
2026-05-01 09:33:00,vibration,1.38,mm/s
2026-05-01 09:34:00,temperature,21.24,摄氏度
2026-05-01 09:34:00,pressure,2.74,MPa
2026-05-01 09:34:00,vibration,21.33,mm/s
2026-05-01 09:35:00,temperature,33.63,摄氏度
2026-05-01 09:35:00,pressure,1.09,MPa
2026-05-01 09:35:00,vibration,1.82,mm/s
2026-05-01 09:36:00,temperature,21.98,摄氏度
2026-05-01 09:36:00,pressure,1.17,MPa
2026-05-01 09:36:00,vibration,0.54,mm/s
2026-05-01 09:37:00,temperature,92.03,摄氏度
2026-05-01 09:37:00,pressure,1.14,MPa
2026-05-01 09:37:00,vibration,4.43,mm/s
2026-05-01 09:38:00,temperature,32.08,摄氏度
2026-05-01 09:38:00,pressure,0.82,MPa
2026-05-01 09:38:00,vibration,0.77,mm/s
2026-05-01 09:39:00,temperature,27.6,摄氏度
2026-05-01 09:39:00,pressure,1.03,MPa
2026-05-01 09:39:00,vibration,1.11,mm/s
2026-05-01 09:40:00,temperature,30.86,摄氏度
2026-05-01 09:40:00,pressure,1.05,MPa
2026-05-01 09:40:00,vibration,2.16,mm/s
2026-05-01 09:41:00,temperature,27.8,摄氏度
2026-05-01 09:41:00,pressure,0.85,MPa
2026-05-01 09:41:00,vibration,3.49,mm/s
2026-05-01 09:42:00,temperature,26.52,摄氏度
2026-05-01 09:42:00,pressure,0.9,MPa
2026-05-01 09:42:00,vibration,4.24,mm/s
2026-05-01 09:43:00,temperature,25.92,摄氏度
2026-05-01 09:43:00,pressure,0.95,MPa
2026-05-01 09:43:00,vibration,3.85,mm/s
2026-05-01 09:44:00,temperature,28.98,摄氏度
2026-05-01 09:44:00,pressure,2.32,MPa
2026-05-01 09:44:00,vibration,2.16,mm/s
2026-05-01 09:45:00,temperature,21.11,摄氏度
2026-05-01 09:45:00,pressure,1.03,MPa
2026-05-01 09:45:00,vibration,22.81,mm/s
2026-05-01 09:46:00,temperature,21.28,摄氏度
2026-05-01 09:46:00,pressure,0.99,MPa
2026-05-01 09:46:00,vibration,4.09,mm/s
2026-05-01 09:47:00,temperature,32.0,摄氏度
2026-05-01 09:47:00,pressure,1.1,MPa
2026-05-01 09:47:00,vibration,2.42,mm/s
2026-05-01 09:48:00,temperature,27.76,摄氏度
2026-05-01 09:48:00,pressure,0.92,MPa
2026-05-01 09:48:00,vibration,0.58,mm/s
2026-05-01 09:49:00,temperature,33.65,摄氏度
2026-05-01 09:49:00,pressure,0.95,MPa
2026-05-01 09:49:00,vibration,4.6,mm/s
2026-05-01 09:50:00,temperature,26.51,摄氏度
2026-05-01 09:50:00,pressure,1.05,MPa
2026-05-01 09:50:00,vibration,0.88,mm/s
2026-05-01 09:51:00,temperature,32.72,摄氏度
2026-05-01 09:51:00,pressure,1.09,MPa
2026-05-01 09:51:00,vibration,2.04,mm/s
2026-05-01 09:52:00,temperature,22.09,摄氏度
2026-05-01 09:52:00,pressure,0.83,MPa
2026-05-01 09:52:00,vibration,0.66,mm/s
2026-05-01 09:53:00,temperature,20.06,摄氏度
2026-05-01 09:53:00,pressure,1.0,MPa
2026-05-01 09:53:00,vibration,0.5,mm/s
2026-05-01 09:54:00,temperature,29.01,摄氏度
2026-05-01 09:54:00,pressure,1.06,MPa
2026-05-01 09:54:00,vibration,3.89,mm/s
2026-05-01 09:55:00,temperature,33.52,摄氏度
2026-05-01 09:55:00,pressure,1.18,MPa
2026-05-01 09:55:00,vibration,2.69,mm/s
2026-05-01 09:56:00,temperature,24.88,摄氏度
2026-05-01 09:56:00,pressure,1.03,MPa
2026-05-01 09:56:00,vibration,4.26,mm/s
2026-05-01 09:57:00,temperature,29.09,摄氏度
2026-05-01 09:57:00,pressure,0.94,MPa
2026-05-01 09:57:00,vibration,3.58,mm/s
2026-05-01 09:58:00,temperature,32.9,摄氏度
2026-05-01 09:58:00,pressure,1.2,MPa
2026-05-01 09:58:00,vibration,3.25,mm/s
2026-05-01 09:59:00,temperature,31.53,摄氏度
2026-05-01 09:59:00,pressure,1.03,MPa
2026-05-01 09:59:00,vibration,4.88,mm/s
2026-05-01 10:00:00,temperature,23.96,摄氏度
2026-05-01 10:00:00,pressure,2.64,MPa
2026-05-01 10:00:00,vibration,15.13,mm/s
2026-05-01 10:01:00,temperature,90.87,摄氏度
2026-05-01 10:01:00,pressure,1.01,MPa
2026-05-01 10:01:00,vibration,2.64,mm/s
2026-05-01 10:02:00,temperature,32.61,摄氏度
2026-05-01 10:02:00,pressure,1.19,MPa
2026-05-01 10:02:00,vibration,0.1,mm/s
2026-05-01 10:03:00,temperature,27.91,摄氏度
2026-05-01 10:03:00,pressure,1.16,MPa
2026-05-01 10:03:00,vibration,0.24,mm/s
2026-05-01 10:04:00,temperature,20.15,摄氏度
2026-05-01 10:04:00,pressure,1.16,MPa
2026-05-01 10:04:00,vibration,1.26,mm/s
2026-05-01 10:05:00,temperature,34.76,摄氏度
2026-05-01 10:05:00,pressure,0.86,MPa
2026-05-01 10:05:00,vibration,0.36,mm/s
2026-05-01 10:06:00,temperature,33.99,摄氏度
2026-05-01 10:06:00,pressure,0.91,MPa
2026-05-01 10:06:00,vibration,1.31,mm/s
2026-05-01 10:07:00,temperature,27.48,摄氏度
2026-05-01 10:07:00,pressure,1.07,MPa
2026-05-01 10:07:00,vibration,4.94,mm/s
2026-05-01 10:08:00,temperature,31.68,摄氏度
2026-05-01 10:08:00,pressure,1.09,MPa
2026-05-01 10:08:00,vibration,2.55,mm/s
2026-05-01 10:09:00,temperature,21.13,摄氏度
2026-05-01 10:09:00,pressure,1.0,MPa
2026-05-01 10:09:00,vibration,1.51,mm/s
2026-05-01 10:10:00,temperature,28.62,摄氏度
2026-05-01 10:10:00,pressure,1.02,MPa
2026-05-01 10:10:00,vibration,0.41,mm/s
2026-05-01 10:11:00,temperature,24.31,摄氏度
2026-05-01 10:11:00,pressure,0.82,MPa
2026-05-01 10:11:00,vibration,0.17,mm/s
2026-05-01 10:12:00,temperature,26.85,摄氏度
2026-05-01 10:12:00,pressure,0.85,MPa
2026-05-01 10:12:00,vibration,4.9,mm/s
2026-05-01 10:13:00,temperature,23.1,摄氏度
2026-05-01 10:13:00,pressure,1.13,MPa
2026-05-01 10:13:00,vibration,23.82,mm/s
2026-05-01 10:14:00,temperature,27.52,摄氏度
2026-05-01 10:14:00,pressure,1.03,MPa
2026-05-01 10:14:00,vibration,1.08,mm/s
2026-05-01 10:15:00,temperature,27.85,摄氏度
2026-05-01 10:15:00,pressure,1.11,MPa
2026-05-01 10:15:00,vibration,2.97,mm/s
2026-05-01 10:16:00,temperature,30.17,摄氏度
2026-05-01 10:16:00,pressure,0.82,MPa
2026-05-01 10:16:00,vibration,3.5,mm/s
2026-05-01 10:17:00,temperature,21.47,摄氏度
2026-05-01 10:17:00,pressure,1.17,MPa
2026-05-01 10:17:00,vibration,2.65,mm/s
2026-05-01 10:18:00,temperature,20.64,摄氏度
2026-05-01 10:18:00,pressure,0.84,MPa
2026-05-01 10:18:00,vibration,2.24,mm/s
2026-05-01 10:19:00,temperature,26.65,摄氏度
2026-05-01 10:19:00,pressure,0.93,MPa
2026-05-01 10:19:00,vibration,4.09,mm/s
2026-05-01 10:20:00,temperature,34.19,摄氏度
2026-05-01 10:20:00,pressure,0.85,MPa
2026-05-01 10:20:00,vibration,2.78,mm/s
2026-05-01 10:21:00,temperature,34.14,摄氏度
2026-05-01 10:21:00,pressure,1.07,MPa
2026-05-01 10:21:00,vibration,4.77,mm/s
2026-05-01 10:22:00,temperature,30.79,摄氏度
2026-05-01 10:22:00,pressure,0.96,MPa
2026-05-01 10:22:00,vibration,0.1,mm/s
2026-05-01 10:23:00,temperature,32.29,摄氏度
2026-05-01 10:23:00,pressure,1.11,MPa
2026-05-01 10:23:00,vibration,0.65,mm/s
2026-05-01 10:24:00,temperature,27.93,摄氏度
2026-05-01 10:24:00,pressure,0.8,MPa
2026-05-01 10:24:00,vibration,1.68,mm/s
2026-05-01 10:25:00,temperature,27.52,摄氏度
2026-05-01 10:25:00,pressure,0.94,MPa
2026-05-01 10:25:00,vibration,3.66,mm/s
2026-05-01 10:26:00,temperature,87.34,摄氏度
2026-05-01 10:26:00,pressure,0.84,MPa
2026-05-01 10:26:00,vibration,1.01,mm/s
2026-05-01 10:27:00,temperature,24.6,摄氏度
2026-05-01 10:27:00,pressure,0.83,MPa
2026-05-01 10:27:00,vibration,19.35,mm/s
2026-05-01 10:28:00,temperature,23.0,摄氏度
2026-05-01 10:28:00,pressure,1.05,MPa
2026-05-01 10:28:00,vibration,3.07,mm/s
2026-05-01 10:29:00,temperature,25.95,摄氏度
2026-05-01 10:29:00,pressure,0.84,MPa
2026-05-01 10:29:00,vibration,0.99,mm/s
2026-05-01 10:30:00,temperature,32.19,摄氏度
2026-05-01 10:30:00,pressure,1.03,MPa
2026-05-01 10:30:00,vibration,4.13,mm/s
2026-05-01 10:31:00,temperature,29.92,摄氏度
2026-05-01 10:31:00,pressure,1.07,MPa
2026-05-01 10:31:00,vibration,0.03,mm/s
2026-05-01 10:32:00,temperature,32.02,摄氏度
2026-05-01 10:32:00,pressure,1.01,MPa
2026-05-01 10:32:00,vibration,3.48,mm/s
2026-05-01 10:33:00,temperature,26.67,摄氏度
2026-05-01 10:33:00,pressure,2.46,MPa
2026-05-01 10:33:00,vibration,1.54,mm/s
2026-05-01 10:34:00,temperature,33.09,摄氏度
2026-05-01 10:34:00,pressure,1.09,MPa
2026-05-01 10:34:00,vibration,3.07,mm/s
2026-05-01 10:35:00,temperature,28.67,摄氏度
2026-05-01 10:35:00,pressure,1.09,MPa
2026-05-01 10:35:00,vibration,4.33,mm/s
2026-05-01 10:36:00,temperature,34.44,摄氏度
2026-05-01 10:36:00,pressure,0.94,MPa
2026-05-01 10:36:00,vibration,4.93,mm/s
2026-05-01 10:37:00,temperature,31.86,摄氏度
2026-05-01 10:37:00,pressure,0.86,MPa
2026-05-01 10:37:00,vibration,1.14,mm/s
2026-05-01 10:38:00,temperature,21.07,摄氏度
2026-05-01 10:38:00,pressure,0.95,MPa
2026-05-01 10:38:00,vibration,4.65,mm/s
2026-05-01 10:39:00,temperature,30.86,摄氏度
2026-05-01 10:39:00,pressure,1.18,MPa
2026-05-01 10:39:00,vibration,2.95,mm/s
2026-05-01 10:40:00,temperature,25.64,摄氏度
2026-05-01 10:40:00,pressure,0.88,MPa
2026-05-01 10:40:00,vibration,1.04,mm/s
2026-05-01 10:41:00,temperature,29.37,摄氏度
2026-05-01 10:41:00,pressure,0.83,MPa
2026-05-01 10:41:00,vibration,4.13,mm/s
2026-05-01 10:42:00,temperature,34.53,摄氏度
2026-05-01 10:42:00,pressure,1.09,MPa
2026-05-01 10:42:00,vibration,1.01,mm/s
2026-05-01 10:43:00,temperature,27.68,摄氏度
2026-05-01 10:43:00,pressure,0.95,MPa
2026-05-01 10:43:00,vibration,0.06,mm/s
2026-05-01 10:44:00,temperature,25.36,摄氏度
2026-05-01 10:44:00,pressure,1.17,MPa
2026-05-01 10:44:00,vibration,2.59,mm/s
2026-05-01 10:45:00,temperature,33.74,摄氏度
2026-05-01 10:45:00,pressure,1.16,MPa
2026-05-01 10:45:00,vibration,1.84,mm/s
2026-05-01 10:46:00,temperature,20.27,摄氏度
2026-05-01 10:46:00,pressure,2.72,MPa
2026-05-01 10:46:00,vibration,4.28,mm/s
2026-05-01 10:47:00,temperature,21.56,摄氏度
2026-05-01 10:47:00,pressure,2.34,MPa
2026-05-01 10:47:00,vibration,0.37,mm/s
2026-05-01 10:48:00,temperature,21.3,摄氏度
2026-05-01 10:48:00,pressure,1.13,MPa
2026-05-01 10:48:00,vibration,2.21,mm/s
2026-05-01 10:49:00,temperature,23.89,摄氏度
2026-05-01 10:49:00,pressure,0.93,MPa
2026-05-01 10:49:00,vibration,1.21,mm/s
2026-05-01 10:50:00,temperature,32.29,摄氏度
2026-05-01 10:50:00,pressure,1.16,MPa
2026-05-01 10:50:00,vibration,2.53,mm/s
2026-05-01 10:51:00,temperature,22.03,摄氏度
2026-05-01 10:51:00,pressure,0.99,MPa
2026-05-01 10:51:00,vibration,1.26,mm/s
2026-05-01 10:52:00,temperature,30.24,摄氏度
2026-05-01 10:52:00,pressure,0.82,MPa
2026-05-01 10:52:00,vibration,1.2,mm/s
2026-05-01 10:53:00,temperature,24.06,摄氏度
2026-05-01 10:53:00,pressure,0.97,MPa
2026-05-01 10:53:00,vibration,2.26,mm/s
2026-05-01 10:54:00,temperature,89.54,摄氏度
2026-05-01 10:54:00,pressure,1.1,MPa
2026-05-01 10:54:00,vibration,4.55,mm/s
2026-05-01 10:55:00,temperature,28.26,摄氏度
2026-05-01 10:55:00,pressure,1.15,MPa
2026-05-01 10:55:00,vibration,4.29,mm/s
2026-05-01 10:56:00,temperature,32.01,摄氏度
2026-05-01 10:56:00,pressure,0.82,MPa
2026-05-01 10:56:00,vibration,4.33,mm/s
2026-05-01 10:57:00,temperature,31.74,摄氏度
2026-05-01 10:57:00,pressure,0.89,MPa
2026-05-01 10:57:00,vibration,4.4,mm/s
2026-05-01 10:58:00,temperature,32.13,摄氏度
2026-05-01 10:58:00,pressure,2.63,MPa
2026-05-01 10:58:00,vibration,1.81,mm/s
2026-05-01 10:59:00,temperature,32.51,摄氏度
2026-05-01 10:59:00,pressure,1.15,MPa
2026-05-01 10:59:00,vibration,0.54,mm/s
2026-05-01 11:00:00,temperature,34.61,摄氏度
2026-05-01 11:00:00,pressure,0.91,MPa
2026-05-01 11:00:00,vibration,1.67,mm/s
2026-05-01 11:01:00,temperature,32.81,摄氏度
2026-05-01 11:01:00,pressure,1.12,MPa
2026-05-01 11:01:00,vibration,3.7,mm/s
2026-05-01 11:02:00,temperature,23.33,摄氏度
2026-05-01 11:02:00,pressure,0.87,MPa
2026-05-01 11:02:00,vibration,1.52,mm/s
2026-05-01 11:03:00,temperature,26.26,摄氏度
2026-05-01 11:03:00,pressure,1.02,MPa
2026-05-01 11:03:00,vibration,2.14,mm/s
2026-05-01 11:04:00,temperature,31.25,摄氏度
2026-05-01 11:04:00,pressure,0.99,MPa
2026-05-01 11:04:00,vibration,2.95,mm/s
2026-05-01 11:05:00,temperature,32.47,摄氏度
2026-05-01 11:05:00,pressure,0.97,MPa
2026-05-01 11:05:00,vibration,0.44,mm/s
2026-05-01 11:06:00,temperature,24.86,摄氏度
2026-05-01 11:06:00,pressure,0.94,MPa
2026-05-01 11:06:00,vibration,3.02,mm/s
2026-05-01 11:07:00,temperature,22.03,摄氏度
2026-05-01 11:07:00,pressure,0.95,MPa
2026-05-01 11:07:00,vibration,4.75,mm/s
2026-05-01 11:08:00,temperature,86.23,摄氏度
2026-05-01 11:08:00,pressure,0.92,MPa
2026-05-01 11:08:00,vibration,2.49,mm/s
2026-05-01 11:09:00,temperature,34.75,摄氏度
2026-05-01 11:09:00,pressure,1.07,MPa
2026-05-01 11:09:00,vibration,15.85,mm/s
2026-05-01 11:10:00,temperature,30.08,摄氏度
2026-05-01 11:10:00,pressure,1.18,MPa
2026-05-01 11:10:00,vibration,4.5,mm/s
2026-05-01 11:11:00,temperature,31.37,摄氏度
2026-05-01 11:11:00,pressure,1.07,MPa
2026-05-01 11:11:00,vibration,2.95,mm/s
2026-05-01 11:12:00,temperature,21.5,摄氏度
2026-05-01 11:12:00,pressure,1.0,MPa
2026-05-01 11:12:00,vibration,3.84,mm/s
2026-05-01 11:13:00,temperature,27.81,摄氏度
2026-05-01 11:13:00,pressure,1.2,MPa
2026-05-01 11:13:00,vibration,0.37,mm/s
2026-05-01 11:14:00,temperature,24.96,摄氏度
2026-05-01 11:14:00,pressure,1.01,MPa
2026-05-01 11:14:00,vibration,3.0,mm/s
2026-05-01 11:15:00,temperature,26.96,摄氏度
2026-05-01 11:15:00,pressure,0.97,MPa
2026-05-01 11:15:00,vibration,2.21,mm/s
2026-05-01 11:16:00,temperature,33.98,摄氏度
2026-05-01 11:16:00,pressure,1.16,MPa
2026-05-01 11:16:00,vibration,0.72,mm/s
2026-05-01 11:17:00,temperature,23.3,摄氏度
2026-05-01 11:17:00,pressure,0.85,MPa
2026-05-01 11:17:00,vibration,2.61,mm/s
2026-05-01 11:18:00,temperature,26.6,摄氏度
2026-05-01 11:18:00,pressure,0.88,MPa
2026-05-01 11:18:00,vibration,0.87,mm/s
2026-05-01 11:19:00,temperature,34.58,摄氏度
2026-05-01 11:19:00,pressure,1.15,MPa
2026-05-01 11:19:00,vibration,1.61,mm/s
2026-05-01 11:20:00,temperature,23.35,摄氏度
2026-05-01 11:20:00,pressure,1.08,MPa
2026-05-01 11:20:00,vibration,3.2,mm/s
2026-05-01 11:21:00,temperature,25.06,摄氏度
2026-05-01 11:21:00,pressure,1.16,MPa
2026-05-01 11:21:00,vibration,17.55,mm/s
2026-05-01 11:22:00,temperature,32.17,摄氏度
2026-05-01 11:22:00,pressure,1.01,MPa
2026-05-01 11:22:00,vibration,0.98,mm/s
2026-05-01 11:23:00,temperature,25.08,摄氏度
2026-05-01 11:23:00,pressure,0.92,MPa
2026-05-01 11:23:00,vibration,0.65,mm/s
2026-05-01 11:24:00,temperature,81.63,摄氏度
2026-05-01 11:24:00,pressure,0.97,MPa
2026-05-01 11:24:00,vibration,4.07,mm/s
2026-05-01 11:25:00,temperature,24.0,摄氏度
2026-05-01 11:25:00,pressure,0.97,MPa
2026-05-01 11:25:00,vibration,2.97,mm/s
2026-05-01 11:26:00,temperature,27.46,摄氏度
2026-05-01 11:26:00,pressure,1.01,MPa
2026-05-01 11:26:00,vibration,4.47,mm/s
2026-05-01 11:27:00,temperature,33.3,摄氏度
2026-05-01 11:27:00,pressure,0.91,MPa
2026-05-01 11:27:00,vibration,0.58,mm/s
2026-05-01 11:28:00,temperature,25.98,摄氏度
2026-05-01 11:28:00,pressure,0.96,MPa
2026-05-01 11:28:00,vibration,1.73,mm/s
2026-05-01 11:29:00,temperature,29.48,摄氏度
2026-05-01 11:29:00,pressure,0.88,MPa
2026-05-01 11:29:00,vibration,3.65,mm/s
2026-05-01 11:30:00,temperature,94.45,摄氏度
2026-05-01 11:30:00,pressure,1.03,MPa
2026-05-01 11:30:00,vibration,4.88,mm/s
2026-05-01 11:31:00,temperature,23.37,摄氏度
2026-05-01 11:31:00,pressure,1.14,MPa
2026-05-01 11:31:00,vibration,2.77,mm/s
2026-05-01 11:32:00,temperature,33.23,摄氏度
2026-05-01 11:32:00,pressure,2.51,MPa
2026-05-01 11:32:00,vibration,1.43,mm/s
2026-05-01 11:33:00,temperature,24.75,摄氏度
2026-05-01 11:33:00,pressure,1.05,MPa
2026-05-01 11:33:00,vibration,16.96,mm/s
2026-05-01 11:34:00,temperature,31.22,摄氏度
2026-05-01 11:34:00,pressure,0.95,MPa
2026-05-01 11:34:00,vibration,0.86,mm/s
2026-05-01 11:35:00,temperature,34.5,摄氏度
2026-05-01 11:35:00,pressure,1.08,MPa
2026-05-01 11:35:00,vibration,4.49,mm/s
2026-05-01 11:36:00,temperature,30.79,摄氏度
2026-05-01 11:36:00,pressure,0.8,MPa
2026-05-01 11:36:00,vibration,4.82,mm/s
2026-05-01 11:37:00,temperature,30.25,摄氏度
2026-05-01 11:37:00,pressure,1.05,MPa
2026-05-01 11:37:00,vibration,4.47,mm/s
2026-05-01 11:38:00,temperature,25.63,摄氏度
2026-05-01 11:38:00,pressure,1.16,MPa
2026-05-01 11:38:00,vibration,3.85,mm/s
2026-05-01 11:39:00,temperature,28.49,摄氏度
2026-05-01 11:39:00,pressure,0.86,MPa
2026-05-01 11:39:00,vibration,1.37,mm/s
2026-05-01 11:40:00,temperature,30.84,摄氏度
2026-05-01 11:40:00,pressure,0.97,MPa
2026-05-01 11:40:00,vibration,3.86,mm/s
2026-05-01 11:41:00,temperature,23.06,摄氏度
2026-05-01 11:41:00,pressure,1.02,MPa
2026-05-01 11:41:00,vibration,3.42,mm/s
2026-05-01 11:42:00,temperature,22.68,摄氏度
2026-05-01 11:42:00,pressure,1.12,MPa
2026-05-01 11:42:00,vibration,2.05,mm/s
2026-05-01 11:43:00,temperature,27.91,摄氏度
2026-05-01 11:43:00,pressure,0.89,MPa
2026-05-01 11:43:00,vibration,3.43,mm/s
2026-05-01 11:44:00,temperature,28.97,摄氏度
2026-05-01 11:44:00,pressure,1.09,MPa
2026-05-01 11:44:00,vibration,0.5,mm/s
2026-05-01 11:45:00,temperature,30.45,摄氏度
2026-05-01 11:45:00,pressure,1.16,MPa
2026-05-01 11:45:00,vibration,1.0,mm/s
2026-05-01 11:46:00,temperature,23.04,摄氏度
2026-05-01 11:46:00,pressure,0.89,MPa
2026-05-01 11:46:00,vibration,0.65,mm/s
2026-05-01 11:47:00,temperature,33.97,摄氏度
2026-05-01 11:47:00,pressure,0.93,MPa
2026-05-01 11:47:00,vibration,0.7,mm/s
2026-05-01 11:48:00,temperature,29.2,摄氏度
2026-05-01 11:48:00,pressure,1.04,MPa
2026-05-01 11:48:00,vibration,2.56,mm/s
2026-05-01 11:49:00,temperature,34.16,摄氏度
2026-05-01 11:49:00,pressure,1.18,MPa
2026-05-01 11:49:00,vibration,3.22,mm/s
2026-05-01 11:50:00,temperature,24.32,摄氏度
2026-05-01 11:50:00,pressure,1.12,MPa
2026-05-01 11:50:00,vibration,4.14,mm/s
2026-05-01 11:51:00,temperature,32.64,摄氏度
2026-05-01 11:51:00,pressure,1.07,MPa
2026-05-01 11:51:00,vibration,2.25,mm/s
2026-05-01 11:52:00,temperature,23.87,摄氏度
2026-05-01 11:52:00,pressure,0.81,MPa
2026-05-01 11:52:00,vibration,1.37,mm/s
2026-05-01 11:53:00,temperature,26.64,摄氏度
2026-05-01 11:53:00,pressure,1.13,MPa
2026-05-01 11:53:00,vibration,3.56,mm/s
2026-05-01 11:54:00,temperature,34.97,摄氏度
2026-05-01 11:54:00,pressure,1.13,MPa
2026-05-01 11:54:00,vibration,3.26,mm/s
2026-05-01 11:55:00,temperature,22.52,摄氏度
2026-05-01 11:55:00,pressure,0.89,MPa
2026-05-01 11:55:00,vibration,1.7,mm/s
2026-05-01 11:56:00,temperature,31.65,摄氏度
2026-05-01 11:56:00,pressure,1.18,MPa
2026-05-01 11:56:00,vibration,1.47,mm/s
2026-05-01 11:57:00,temperature,34.32,摄氏度
2026-05-01 11:57:00,pressure,0.85,MPa
2026-05-01 11:57:00,vibration,2.31,mm/s
2026-05-01 11:58:00,temperature,26.88,摄氏度
2026-05-01 11:58:00,pressure,0.95,MPa
2026-05-01 11:58:00,vibration,2.12,mm/s
2026-05-01 11:59:00,temperature,34.68,摄氏度
2026-05-01 11:59:00,pressure,0.9,MPa
2026-05-01 11:59:00,vibration,2.6,mm/s
2026-05-01 12:00:00,temperature,21.46,摄氏度
2026-05-01 12:00:00,pressure,0.96,MPa
2026-05-01 12:00:00,vibration,1.45,mm/s
2026-05-01 12:01:00,temperature,34.99,摄氏度
2026-05-01 12:01:00,pressure,0.88,MPa
2026-05-01 12:01:00,vibration,2.07,mm/s
2026-05-01 12:02:00,temperature,23.04,摄氏度
2026-05-01 12:02:00,pressure,1.12,MPa
2026-05-01 12:02:00,vibration,3.88,mm/s
2026-05-01 12:03:00,temperature,25.53,摄氏度
2026-05-01 12:03:00,pressure,1.07,MPa
2026-05-01 12:03:00,vibration,1.68,mm/s
2026-05-01 12:04:00,temperature,32.24,摄氏度
2026-05-01 12:04:00,pressure,0.98,MPa
2026-05-01 12:04:00,vibration,1.68,mm/s
2026-05-01 12:05:00,temperature,23.57,摄氏度
2026-05-01 12:05:00,pressure,0.83,MPa
2026-05-01 12:05:00,vibration,1.14,mm/s
2026-05-01 12:06:00,temperature,30.1,摄氏度
2026-05-01 12:06:00,pressure,0.88,MPa
2026-05-01 12:06:00,vibration,2.97,mm/s
2026-05-01 12:07:00,temperature,34.46,摄氏度
2026-05-01 12:07:00,pressure,0.85,MPa
2026-05-01 12:07:00,vibration,0.09,mm/s
2026-05-01 12:08:00,temperature,31.52,摄氏度
2026-05-01 12:08:00,pressure,1.16,MPa
2026-05-01 12:08:00,vibration,4.6,mm/s
2026-05-01 12:09:00,temperature,28.63,摄氏度
2026-05-01 12:09:00,pressure,1.06,MPa
2026-05-01 12:09:00,vibration,2.97,mm/s
2026-05-01 12:10:00,temperature,23.3,摄氏度
2026-05-01 12:10:00,pressure,1.05,MPa
2026-05-01 12:10:00,vibration,4.29,mm/s
2026-05-01 12:11:00,temperature,26.62,摄氏度
2026-05-01 12:11:00,pressure,1.05,MPa
2026-05-01 12:11:00,vibration,0.05,mm/s
2026-05-01 12:12:00,temperature,21.08,摄氏度
2026-05-01 12:12:00,pressure,1.03,MPa
2026-05-01 12:12:00,vibration,3.0,mm/s
2026-05-01 12:13:00,temperature,26.47,摄氏度
2026-05-01 12:13:00,pressure,1.07,MPa
2026-05-01 12:13:00,vibration,3.62,mm/s
2026-05-01 12:14:00,temperature,24.69,摄氏度
2026-05-01 12:14:00,pressure,1.03,MPa
2026-05-01 12:14:00,vibration,3.95,mm/s
2026-05-01 12:15:00,temperature,30.33,摄氏度
2026-05-01 12:15:00,pressure,0.93,MPa
2026-05-01 12:15:00,vibration,4.02,mm/s
2026-05-01 12:16:00,temperature,21.91,摄氏度
2026-05-01 12:16:00,pressure,1.1,MPa
2026-05-01 12:16:00,vibration,2.97,mm/s
2026-05-01 12:17:00,temperature,29.69,摄氏度
2026-05-01 12:17:00,pressure,1.13,MPa
2026-05-01 12:17:00,vibration,0.26,mm/s
2026-05-01 12:18:00,temperature,22.82,摄氏度
2026-05-01 12:18:00,pressure,1.01,MPa
2026-05-01 12:18:00,vibration,2.2,mm/s
2026-05-01 12:19:00,temperature,86.51,摄氏度
2026-05-01 12:19:00,pressure,0.87,MPa
2026-05-01 12:19:00,vibration,0.37,mm/s
2026-05-01 12:20:00,temperature,21.59,摄氏度
2026-05-01 12:20:00,pressure,1.03,MPa
2026-05-01 12:20:00,vibration,3.24,mm/s
2026-05-01 12:21:00,temperature,33.07,摄氏度
2026-05-01 12:21:00,pressure,0.82,MPa
2026-05-01 12:21:00,vibration,1.02,mm/s
2026-05-01 12:22:00,temperature,30.56,摄氏度
2026-05-01 12:22:00,pressure,1.0,MPa
2026-05-01 12:22:00,vibration,2.97,mm/s
2026-05-01 12:23:00,temperature,31.85,摄氏度
2026-05-01 12:23:00,pressure,1.1,MPa
2026-05-01 12:23:00,vibration,2.39,mm/s
2026-05-01 12:24:00,temperature,25.52,摄氏度
2026-05-01 12:24:00,pressure,0.88,MPa
2026-05-01 12:24:00,vibration,4.39,mm/s
2026-05-01 12:25:00,temperature,29.9,摄氏度
2026-05-01 12:25:00,pressure,0.88,MPa
2026-05-01 12:25:00,vibration,4.23,mm/s
2026-05-01 12:26:00,temperature,31.19,摄氏度
2026-05-01 12:26:00,pressure,1.13,MPa
2026-05-01 12:26:00,vibration,4.26,mm/s
2026-05-01 12:27:00,temperature,97.84,摄氏度
2026-05-01 12:27:00,pressure,0.86,MPa
2026-05-01 12:27:00,vibration,2.45,mm/s
2026-05-01 12:28:00,temperature,24.84,摄氏度
2026-05-01 12:28:00,pressure,2.79,MPa
2026-05-01 12:28:00,vibration,4.31,mm/s
2026-05-01 12:29:00,temperature,31.75,摄氏度
2026-05-01 12:29:00,pressure,0.84,MPa
2026-05-01 12:29:00,vibration,3.7,mm/s
2026-05-01 12:30:00,temperature,23.43,摄氏度
2026-05-01 12:30:00,pressure,1.05,MPa
2026-05-01 12:30:00,vibration,0.91,mm/s
2026-05-01 12:31:00,temperature,23.38,摄氏度
2026-05-01 12:31:00,pressure,1.11,MPa
2026-05-01 12:31:00,vibration,3.66,mm/s
2026-05-01 12:32:00,temperature,23.93,摄氏度
2026-05-01 12:32:00,pressure,2.98,MPa
2026-05-01 12:32:00,vibration,0.28,mm/s
2026-05-01 12:33:00,temperature,21.08,摄氏度
2026-05-01 12:33:00,pressure,0.9,MPa
2026-05-01 12:33:00,vibration,0.75,mm/s
2026-05-01 12:34:00,temperature,28.19,摄氏度
2026-05-01 12:34:00,pressure,1.18,MPa
2026-05-01 12:34:00,vibration,0.07,mm/s
2026-05-01 12:35:00,temperature,91.65,摄氏度
2026-05-01 12:35:00,pressure,1.01,MPa
2026-05-01 12:35:00,vibration,4.42,mm/s
2026-05-01 12:36:00,temperature,34.52,摄氏度
2026-05-01 12:36:00,pressure,1.09,MPa
2026-05-01 12:36:00,vibration,1.69,mm/s
2026-05-01 12:37:00,temperature,20.81,摄氏度
2026-05-01 12:37:00,pressure,1.03,MPa
2026-05-01 12:37:00,vibration,2.75,mm/s
2026-05-01 12:38:00,temperature,25.75,摄氏度
2026-05-01 12:38:00,pressure,1.03,MPa
2026-05-01 12:38:00,vibration,3.98,mm/s
2026-05-01 12:39:00,temperature,21.42,摄氏度
2026-05-01 12:39:00,pressure,1.03,MPa
2026-05-01 12:39:00,vibration,4.27,mm/s
2026-05-01 12:40:00,temperature,31.28,摄氏度
2026-05-01 12:40:00,pressure,1.12,MPa
2026-05-01 12:40:00,vibration,1.47,mm/s
2026-05-01 12:41:00,temperature,31.37,摄氏度
2026-05-01 12:41:00,pressure,0.92,MPa
2026-05-01 12:41:00,vibration,0.57,mm/s
2026-05-01 12:42:00,temperature,21.98,摄氏度
2026-05-01 12:42:00,pressure,1.04,MPa
2026-05-01 12:42:00,vibration,2.48,mm/s
2026-05-01 12:43:00,temperature,30.77,摄氏度
2026-05-01 12:43:00,pressure,1.04,MPa
2026-05-01 12:43:00,vibration,3.89,mm/s
2026-05-01 12:44:00,temperature,32.0,摄氏度
2026-05-01 12:44:00,pressure,0.83,MPa
2026-05-01 12:44:00,vibration,0.47,mm/s
2026-05-01 12:45:00,temperature,31.85,摄氏度
2026-05-01 12:45:00,pressure,1.15,MPa
2026-05-01 12:45:00,vibration,2.88,mm/s
2026-05-01 12:46:00,temperature,32.17,摄氏度
2026-05-01 12:46:00,pressure,1.04,MPa
2026-05-01 12:46:00,vibration,0.01,mm/s
2026-05-01 12:47:00,temperature,32.85,摄氏度
2026-05-01 12:47:00,pressure,0.84,MPa
2026-05-01 12:47:00,vibration,3.34,mm/s
2026-05-01 12:48:00,temperature,27.62,摄氏度
2026-05-01 12:48:00,pressure,0.98,MPa
2026-05-01 12:48:00,vibration,1.29,mm/s
2026-05-01 12:49:00,temperature,23.69,摄氏度
2026-05-01 12:49:00,pressure,1.09,MPa
2026-05-01 12:49:00,vibration,1.1,mm/s
2026-05-01 12:50:00,temperature,25.17,摄氏度
2026-05-01 12:50:00,pressure,0.9,MPa
2026-05-01 12:50:00,vibration,1.53,mm/s
2026-05-01 12:51:00,temperature,86.54,摄氏度
2026-05-01 12:51:00,pressure,0.8,MPa
2026-05-01 12:51:00,vibration,0.36,mm/s
2026-05-01 12:52:00,temperature,20.15,摄氏度
2026-05-01 12:52:00,pressure,0.93,MPa
2026-05-01 12:52:00,vibration,2.47,mm/s
2026-05-01 12:53:00,temperature,26.92,摄氏度
2026-05-01 12:53:00,pressure,1.12,MPa
2026-05-01 12:53:00,vibration,4.28,mm/s
2026-05-01 12:54:00,temperature,32.65,摄氏度
2026-05-01 12:54:00,pressure,0.9,MPa
2026-05-01 12:54:00,vibration,3.92,mm/s
2026-05-01 12:55:00,temperature,24.9,摄氏度
2026-05-01 12:55:00,pressure,1.13,MPa
2026-05-01 12:55:00,vibration,1.88,mm/s
2026-05-01 12:56:00,temperature,30.78,摄氏度
2026-05-01 12:56:00,pressure,0.92,MPa
2026-05-01 12:56:00,vibration,1.75,mm/s
2026-05-01 12:57:00,temperature,30.41,摄氏度
2026-05-01 12:57:00,pressure,0.99,MPa
2026-05-01 12:57:00,vibration,0.36,mm/s
2026-05-01 12:58:00,temperature,22.89,摄氏度
2026-05-01 12:58:00,pressure,1.1,MPa
2026-05-01 12:58:00,vibration,3.31,mm/s
2026-05-01 12:59:00,temperature,21.67,摄氏度
2026-05-01 12:59:00,pressure,1.02,MPa
2026-05-01 12:59:00,vibration,4.21,mm/s
2026-05-01 13:00:00,temperature,30.67,摄氏度
2026-05-01 13:00:00,pressure,0.83,MPa
2026-05-01 13:00:00,vibration,4.16,mm/s
2026-05-01 13:01:00,temperature,24.26,摄氏度
2026-05-01 13:01:00,pressure,0.93,MPa
2026-05-01 13:01:00,vibration,4.94,mm/s
2026-05-01 13:02:00,temperature,33.42,摄氏度
2026-05-01 13:02:00,pressure,0.84,MPa
2026-05-01 13:02:00,vibration,22.86,mm/s
2026-05-01 13:03:00,temperature,29.42,摄氏度
2026-05-01 13:03:00,pressure,1.06,MPa
2026-05-01 13:03:00,vibration,0.15,mm/s
2026-05-01 13:04:00,temperature,81.97,摄氏度
2026-05-01 13:04:00,pressure,1.06,MPa
2026-05-01 13:04:00,vibration,2.37,mm/s
2026-05-01 13:05:00,temperature,23.78,摄氏度
2026-05-01 13:05:00,pressure,0.94,MPa
2026-05-01 13:05:00,vibration,4.96,mm/s
2026-05-01 13:06:00,temperature,27.6,摄氏度
2026-05-01 13:06:00,pressure,0.97,MPa
2026-05-01 13:06:00,vibration,3.38,mm/s
2026-05-01 13:07:00,temperature,34.26,摄氏度
2026-05-01 13:07:00,pressure,0.81,MPa
2026-05-01 13:07:00,vibration,3.46,mm/s
2026-05-01 13:08:00,temperature,22.96,摄氏度
2026-05-01 13:08:00,pressure,2.81,MPa
2026-05-01 13:08:00,vibration,0.95,mm/s
2026-05-01 13:09:00,temperature,28.25,摄氏度
2026-05-01 13:09:00,pressure,1.01,MPa
2026-05-01 13:09:00,vibration,1.1,mm/s
2026-05-01 13:10:00,temperature,20.47,摄氏度
2026-05-01 13:10:00,pressure,1.1,MPa
2026-05-01 13:10:00,vibration,3.21,mm/s
2026-05-01 13:11:00,temperature,25.1,摄氏度
2026-05-01 13:11:00,pressure,1.17,MPa
2026-05-01 13:11:00,vibration,1.7,mm/s
2026-05-01 13:12:00,temperature,22.31,摄氏度
2026-05-01 13:12:00,pressure,2.63,MPa
2026-05-01 13:12:00,vibration,0.89,mm/s
2026-05-01 13:13:00,temperature,24.96,摄氏度
2026-05-01 13:13:00,pressure,0.92,MPa
2026-05-01 13:13:00,vibration,2.42,mm/s
2026-05-01 13:14:00,temperature,26.14,摄氏度
2026-05-01 13:14:00,pressure,0.82,MPa
2026-05-01 13:14:00,vibration,1.84,mm/s
2026-05-01 13:15:00,temperature,32.06,摄氏度
2026-05-01 13:15:00,pressure,0.93,MPa
2026-05-01 13:15:00,vibration,2.35,mm/s
2026-05-01 13:16:00,temperature,30.24,摄氏度
2026-05-01 13:16:00,pressure,1.1,MPa
2026-05-01 13:16:00,vibration,4.47,mm/s
2026-05-01 13:17:00,temperature,28.94,摄氏度
2026-05-01 13:17:00,pressure,1.13,MPa
2026-05-01 13:17:00,vibration,4.35,mm/s
2026-05-01 13:18:00,temperature,30.76,摄氏度
2026-05-01 13:18:00,pressure,1.09,MPa
2026-05-01 13:18:00,vibration,21.83,mm/s
2026-05-01 13:19:00,temperature,34.83,摄氏度
2026-05-01 13:19:00,pressure,1.11,MPa
2026-05-01 13:19:00,vibration,2.09,mm/s
2026-05-01 13:20:00,temperature,20.96,摄氏度
2026-05-01 13:20:00,pressure,2.95,MPa
2026-05-01 13:20:00,vibration,4.27,mm/s
2026-05-01 13:21:00,temperature,21.87,摄氏度
2026-05-01 13:21:00,pressure,0.97,MPa
2026-05-01 13:21:00,vibration,3.38,mm/s
2026-05-01 13:22:00,temperature,25.56,摄氏度
2026-05-01 13:22:00,pressure,0.99,MPa
2026-05-01 13:22:00,vibration,3.39,mm/s
2026-05-01 13:23:00,temperature,22.99,摄氏度
2026-05-01 13:23:00,pressure,0.85,MPa
2026-05-01 13:23:00,vibration,1.5,mm/s
2026-05-01 13:24:00,temperature,33.1,摄氏度
2026-05-01 13:24:00,pressure,0.94,MPa
2026-05-01 13:24:00,vibration,2.31,mm/s
2026-05-01 13:25:00,temperature,22.03,摄氏度
2026-05-01 13:25:00,pressure,1.09,MPa
2026-05-01 13:25:00,vibration,1.51,mm/s
2026-05-01 13:26:00,temperature,24.67,摄氏度
2026-05-01 13:26:00,pressure,1.08,MPa
2026-05-01 13:26:00,vibration,0.68,mm/s
2026-05-01 13:27:00,temperature,21.92,摄氏度
2026-05-01 13:27:00,pressure,1.09,MPa
2026-05-01 13:27:00,vibration,2.14,mm/s
2026-05-01 13:28:00,temperature,26.05,摄氏度
2026-05-01 13:28:00,pressure,0.82,MPa
2026-05-01 13:28:00,vibration,1.96,mm/s
2026-05-01 13:29:00,temperature,22.53,摄氏度
2026-05-01 13:29:00,pressure,0.97,MPa
2026-05-01 13:29:00,vibration,4.02,mm/s
2026-05-01 13:30:00,temperature,29.61,摄氏度
2026-05-01 13:30:00,pressure,0.88,MPa
2026-05-01 13:30:00,vibration,4.14,mm/s
2026-05-01 13:31:00,temperature,31.1,摄氏度
2026-05-01 13:31:00,pressure,0.92,MPa
2026-05-01 13:31:00,vibration,1.55,mm/s
2026-05-01 13:32:00,temperature,23.71,摄氏度
2026-05-01 13:32:00,pressure,0.96,MPa
2026-05-01 13:32:00,vibration,2.18,mm/s
2026-05-01 13:33:00,temperature,33.15,摄氏度
2026-05-01 13:33:00,pressure,1.07,MPa
2026-05-01 13:33:00,vibration,4.93,mm/s
2026-05-01 13:34:00,temperature,23.33,摄氏度
2026-05-01 13:34:00,pressure,1.01,MPa
2026-05-01 13:34:00,vibration,2.37,mm/s
2026-05-01 13:35:00,temperature,23.67,摄氏度
2026-05-01 13:35:00,pressure,0.99,MPa
2026-05-01 13:35:00,vibration,3.9,mm/s
2026-05-01 13:36:00,temperature,81.68,摄氏度
2026-05-01 13:36:00,pressure,1.18,MPa
2026-05-01 13:36:00,vibration,0.83,mm/s
2026-05-01 13:37:00,temperature,29.82,摄氏度
2026-05-01 13:37:00,pressure,0.86,MPa
2026-05-01 13:37:00,vibration,2.47,mm/s
2026-05-01 13:38:00,temperature,26.72,摄氏度
2026-05-01 13:38:00,pressure,0.98,MPa
2026-05-01 13:38:00,vibration,0.26,mm/s
2026-05-01 13:39:00,temperature,28.12,摄氏度
2026-05-01 13:39:00,pressure,1.17,MPa
2026-05-01 13:39:00,vibration,1.78,mm/s
2026-05-01 13:40:00,temperature,31.06,摄氏度
2026-05-01 13:40:00,pressure,0.8,MPa
2026-05-01 13:40:00,vibration,3.35,mm/s
2026-05-01 13:41:00,temperature,23.27,摄氏度
2026-05-01 13:41:00,pressure,1.15,MPa
2026-05-01 13:41:00,vibration,0.27,mm/s
2026-05-01 13:42:00,temperature,29.17,摄氏度
2026-05-01 13:42:00,pressure,0.96,MPa
2026-05-01 13:42:00,vibration,2.46,mm/s
2026-05-01 13:43:00,temperature,27.68,摄氏度
2026-05-01 13:43:00,pressure,0.92,MPa
2026-05-01 13:43:00,vibration,0.52,mm/s
2026-05-01 13:44:00,temperature,26.71,摄氏度
2026-05-01 13:44:00,pressure,1.09,MPa
2026-05-01 13:44:00,vibration,3.2,mm/s
2026-05-01 13:45:00,temperature,28.39,摄氏度
2026-05-01 13:45:00,pressure,0.97,MPa
2026-05-01 13:45:00,vibration,1.37,mm/s
2026-05-01 13:46:00,temperature,23.47,摄氏度
2026-05-01 13:46:00,pressure,0.95,MPa
2026-05-01 13:46:00,vibration,15.73,mm/s
2026-05-01 13:47:00,temperature,29.84,摄氏度
2026-05-01 13:47:00,pressure,0.93,MPa
2026-05-01 13:47:00,vibration,3.15,mm/s
2026-05-01 13:48:00,temperature,21.03,摄氏度
2026-05-01 13:48:00,pressure,2.21,MPa
2026-05-01 13:48:00,vibration,2.73,mm/s
2026-05-01 13:49:00,temperature,25.8,摄氏度
2026-05-01 13:49:00,pressure,0.95,MPa
2026-05-01 13:49:00,vibration,2.61,mm/s
2026-05-01 13:50:00,temperature,32.3,摄氏度
2026-05-01 13:50:00,pressure,1.15,MPa
2026-05-01 13:50:00,vibration,3.65,mm/s
2026-05-01 13:51:00,temperature,21.34,摄氏度
2026-05-01 13:51:00,pressure,1.09,MPa
2026-05-01 13:51:00,vibration,1.65,mm/s
2026-05-01 13:52:00,temperature,27.18,摄氏度
2026-05-01 13:52:00,pressure,0.83,MPa
2026-05-01 13:52:00,vibration,1.07,mm/s
2026-05-01 13:53:00,temperature,23.21,摄氏度
2026-05-01 13:53:00,pressure,0.96,MPa
2026-05-01 13:53:00,vibration,1.3,mm/s
2026-05-01 13:54:00,temperature,29.47,摄氏度
2026-05-01 13:54:00,pressure,0.97,MPa
2026-05-01 13:54:00,vibration,2.53,mm/s
2026-05-01 13:55:00,temperature,31.44,摄氏度
2026-05-01 13:55:00,pressure,0.85,MPa
2026-05-01 13:55:00,vibration,1.45,mm/s
2026-05-01 13:56:00,temperature,20.45,摄氏度
2026-05-01 13:56:00,pressure,1.17,MPa
2026-05-01 13:56:00,vibration,0.25,mm/s
2026-05-01 13:57:00,temperature,27.25,摄氏度
2026-05-01 13:57:00,pressure,1.0,MPa
2026-05-01 13:57:00,vibration,3.28,mm/s
2026-05-01 13:58:00,temperature,25.47,摄氏度
2026-05-01 13:58:00,pressure,0.98,MPa
2026-05-01 13:58:00,vibration,2.08,mm/s
2026-05-01 13:59:00,temperature,32.45,摄氏度
2026-05-01 13:59:00,pressure,1.11,MPa
2026-05-01 13:59:00,vibration,3.07,mm/s
2026-05-01 14:00:00,temperature,24.43,摄氏度
2026-05-01 14:00:00,pressure,1.18,MPa
2026-05-01 14:00:00,vibration,4.92,mm/s
2026-05-01 14:01:00,temperature,31.48,摄氏度
2026-05-01 14:01:00,pressure,1.16,MPa
2026-05-01 14:01:00,vibration,0.97,mm/s
2026-05-01 14:02:00,temperature,22.57,摄氏度
2026-05-01 14:02:00,pressure,1.03,MPa
2026-05-01 14:02:00,vibration,4.0,mm/s
2026-05-01 14:03:00,temperature,27.25,摄氏度
2026-05-01 14:03:00,pressure,0.91,MPa
2026-05-01 14:03:00,vibration,4.64,mm/s
2026-05-01 14:04:00,temperature,31.59,摄氏度
2026-05-01 14:04:00,pressure,1.06,MPa
2026-05-01 14:04:00,vibration,4.1,mm/s
2026-05-01 14:05:00,temperature,93.54,摄氏度
2026-05-01 14:05:00,pressure,1.08,MPa
2026-05-01 14:05:00,vibration,3.23,mm/s
2026-05-01 14:06:00,temperature,21.39,摄氏度
2026-05-01 14:06:00,pressure,0.98,MPa
2026-05-01 14:06:00,vibration,1.03,mm/s
2026-05-01 14:07:00,temperature,26.78,摄氏度
2026-05-01 14:07:00,pressure,0.9,MPa
2026-05-01 14:07:00,vibration,0.21,mm/s
2026-05-01 14:08:00,temperature,22.55,摄氏度
2026-05-01 14:08:00,pressure,0.98,MPa
2026-05-01 14:08:00,vibration,4.27,mm/s
2026-05-01 14:09:00,temperature,28.86,摄氏度
2026-05-01 14:09:00,pressure,1.06,MPa
2026-05-01 14:09:00,vibration,4.53,mm/s
2026-05-01 14:10:00,temperature,26.98,摄氏度
2026-05-01 14:10:00,pressure,1.11,MPa
2026-05-01 14:10:00,vibration,0.71,mm/s
2026-05-01 14:11:00,temperature,21.47,摄氏度
2026-05-01 14:11:00,pressure,0.98,MPa
2026-05-01 14:11:00,vibration,4.13,mm/s
2026-05-01 14:12:00,temperature,27.86,摄氏度
2026-05-01 14:12:00,pressure,1.15,MPa
2026-05-01 14:12:00,vibration,1.67,mm/s
2026-05-01 14:13:00,temperature,31.63,摄氏度
2026-05-01 14:13:00,pressure,1.14,MPa
2026-05-01 14:13:00,vibration,3.44,mm/s
2026-05-01 14:14:00,temperature,29.5,摄氏度
2026-05-01 14:14:00,pressure,0.99,MPa
2026-05-01 14:14:00,vibration,3.38,mm/s
2026-05-01 14:15:00,temperature,21.4,摄氏度
2026-05-01 14:15:00,pressure,1.2,MPa
2026-05-01 14:15:00,vibration,1.26,mm/s
2026-05-01 14:16:00,temperature,27.45,摄氏度
2026-05-01 14:16:00,pressure,1.16,MPa
2026-05-01 14:16:00,vibration,1.53,mm/s
2026-05-01 14:17:00,temperature,23.41,摄氏度
2026-05-01 14:17:00,pressure,1.08,MPa
2026-05-01 14:17:00,vibration,2.81,mm/s
2026-05-01 14:18:00,temperature,33.74,摄氏度
2026-05-01 14:18:00,pressure,1.1,MPa
2026-05-01 14:18:00,vibration,0.28,mm/s
2026-05-01 14:19:00,temperature,33.57,摄氏度
2026-05-01 14:19:00,pressure,1.05,MPa
2026-05-01 14:19:00,vibration,1.41,mm/s
2026-05-01 14:20:00,temperature,32.32,摄氏度
2026-05-01 14:20:00,pressure,1.16,MPa
2026-05-01 14:20:00,vibration,2.69,mm/s
2026-05-01 14:21:00,temperature,25.11,摄氏度
2026-05-01 14:21:00,pressure,1.15,MPa
2026-05-01 14:21:00,vibration,4.67,mm/s
2026-05-01 14:22:00,temperature,31.04,摄氏度
2026-05-01 14:22:00,pressure,0.84,MPa
2026-05-01 14:22:00,vibration,2.01,mm/s
2026-05-01 14:23:00,temperature,21.65,摄氏度
2026-05-01 14:23:00,pressure,1.12,MPa
2026-05-01 14:23:00,vibration,4.42,mm/s
2026-05-01 14:24:00,temperature,25.4,摄氏度
2026-05-01 14:24:00,pressure,0.9,MPa
2026-05-01 14:24:00,vibration,3.54,mm/s
2026-05-01 14:25:00,temperature,23.72,摄氏度
2026-05-01 14:25:00,pressure,1.01,MPa
2026-05-01 14:25:00,vibration,24.02,mm/s
2026-05-01 14:26:00,temperature,23.5,摄氏度
2026-05-01 14:26:00,pressure,0.98,MPa
2026-05-01 14:26:00,vibration,4.97,mm/s
2026-05-01 14:27:00,temperature,26.01,摄氏度
2026-05-01 14:27:00,pressure,1.12,MPa
2026-05-01 14:27:00,vibration,1.72,mm/s
2026-05-01 14:28:00,temperature,31.92,摄氏度
2026-05-01 14:28:00,pressure,1.01,MPa
2026-05-01 14:28:00,vibration,2.24,mm/s
2026-05-01 14:29:00,temperature,25.51,摄氏度
2026-05-01 14:29:00,pressure,1.15,MPa
2026-05-01 14:29:00,vibration,3.92,mm/s
2026-05-01 14:30:00,temperature,34.06,摄氏度
2026-05-01 14:30:00,pressure,0.96,MPa
2026-05-01 14:30:00,vibration,0.35,mm/s
2026-05-01 14:31:00,temperature,28.24,摄氏度
2026-05-01 14:31:00,pressure,0.91,MPa
2026-05-01 14:31:00,vibration,3.25,mm/s
2026-05-01 14:32:00,temperature,32.46,摄氏度
2026-05-01 14:32:00,pressure,0.85,MPa
2026-05-01 14:32:00,vibration,2.7,mm/s
2026-05-01 14:33:00,temperature,21.97,摄氏度
2026-05-01 14:33:00,pressure,1.05,MPa
2026-05-01 14:33:00,vibration,0.58,mm/s
2026-05-01 14:34:00,temperature,26.83,摄氏度
2026-05-01 14:34:00,pressure,1.01,MPa
2026-05-01 14:34:00,vibration,4.44,mm/s
2026-05-01 14:35:00,temperature,33.99,摄氏度
2026-05-01 14:35:00,pressure,1.02,MPa
2026-05-01 14:35:00,vibration,0.94,mm/s
2026-05-01 14:36:00,temperature,25.81,摄氏度
2026-05-01 14:36:00,pressure,1.07,MPa
2026-05-01 14:36:00,vibration,3.6,mm/s
2026-05-01 14:37:00,temperature,34.19,摄氏度
2026-05-01 14:37:00,pressure,0.99,MPa
2026-05-01 14:37:00,vibration,19.33,mm/s
2026-05-01 14:38:00,temperature,30.33,摄氏度
2026-05-01 14:38:00,pressure,0.9,MPa
2026-05-01 14:38:00,vibration,1.83,mm/s
2026-05-01 14:39:00,temperature,33.36,摄氏度
2026-05-01 14:39:00,pressure,0.85,MPa
2026-05-01 14:39:00,vibration,0.69,mm/s
2026-05-01 14:40:00,temperature,21.42,摄氏度
2026-05-01 14:40:00,pressure,1.15,MPa
2026-05-01 14:40:00,vibration,15.18,mm/s
2026-05-01 14:41:00,temperature,21.17,摄氏度
2026-05-01 14:41:00,pressure,2.93,MPa
2026-05-01 14:41:00,vibration,3.39,mm/s
2026-05-01 14:42:00,temperature,33.52,摄氏度
2026-05-01 14:42:00,pressure,0.97,MPa
2026-05-01 14:42:00,vibration,4.1,mm/s
2026-05-01 14:43:00,temperature,24.05,摄氏度
2026-05-01 14:43:00,pressure,1.02,MPa
2026-05-01 14:43:00,vibration,0.98,mm/s
2026-05-01 14:44:00,temperature,24.99,摄氏度
2026-05-01 14:44:00,pressure,0.93,MPa
2026-05-01 14:44:00,vibration,1.09,mm/s
2026-05-01 14:45:00,temperature,24.98,摄氏度
2026-05-01 14:45:00,pressure,0.88,MPa
2026-05-01 14:45:00,vibration,1.72,mm/s
2026-05-01 14:46:00,temperature,31.21,摄氏度
2026-05-01 14:46:00,pressure,0.92,MPa
2026-05-01 14:46:00,vibration,4.82,mm/s
2026-05-01 14:47:00,temperature,29.96,摄氏度
2026-05-01 14:47:00,pressure,1.06,MPa
2026-05-01 14:47:00,vibration,4.73,mm/s
2026-05-01 14:48:00,temperature,25.17,摄氏度
2026-05-01 14:48:00,pressure,1.0,MPa
2026-05-01 14:48:00,vibration,0.85,mm/s
2026-05-01 14:49:00,temperature,21.67,摄氏度
2026-05-01 14:49:00,pressure,0.82,MPa
2026-05-01 14:49:00,vibration,4.47,mm/s
2026-05-01 14:50:00,temperature,32.98,摄氏度
2026-05-01 14:50:00,pressure,0.82,MPa
2026-05-01 14:50:00,vibration,0.09,mm/s
2026-05-01 14:51:00,temperature,98.05,摄氏度
2026-05-01 14:51:00,pressure,1.15,MPa
2026-05-01 14:51:00,vibration,3.89,mm/s
2026-05-01 14:52:00,temperature,34.04,摄氏度
2026-05-01 14:52:00,pressure,0.87,MPa
2026-05-01 14:52:00,vibration,1.77,mm/s
2026-05-01 14:53:00,temperature,27.67,摄氏度
2026-05-01 14:53:00,pressure,0.93,MPa
2026-05-01 14:53:00,vibration,0.24,mm/s
2026-05-01 14:54:00,temperature,26.76,摄氏度
2026-05-01 14:54:00,pressure,0.94,MPa
2026-05-01 14:54:00,vibration,1.25,mm/s
2026-05-01 14:55:00,temperature,27.32,摄氏度
2026-05-01 14:55:00,pressure,0.86,MPa
2026-05-01 14:55:00,vibration,1.42,mm/s
2026-05-01 14:56:00,temperature,26.26,摄氏度
2026-05-01 14:56:00,pressure,0.89,MPa
2026-05-01 14:56:00,vibration,0.7,mm/s
2026-05-01 14:57:00,temperature,21.46,摄氏度
2026-05-01 14:57:00,pressure,0.85,MPa
2026-05-01 14:57:00,vibration,2.21,mm/s
2026-05-01 14:58:00,temperature,34.72,摄氏度
2026-05-01 14:58:00,pressure,0.92,MPa
2026-05-01 14:58:00,vibration,2.59,mm/s
2026-05-01 14:59:00,temperature,28.86,摄氏度
2026-05-01 14:59:00,pressure,1.02,MPa
2026-05-01 14:59:00,vibration,2.87,mm/s
2026-05-01 15:00:00,temperature,96.41,摄氏度
2026-05-01 15:00:00,pressure,0.96,MPa
2026-05-01 15:00:00,vibration,1.56,mm/s
2026-05-01 15:01:00,temperature,28.12,摄氏度
2026-05-01 15:01:00,pressure,1.0,MPa
2026-05-01 15:01:00,vibration,1.69,mm/s
2026-05-01 15:02:00,temperature,30.28,摄氏度
2026-05-01 15:02:00,pressure,0.86,MPa
2026-05-01 15:02:00,vibration,0.14,mm/s
2026-05-01 15:03:00,temperature,21.99,摄氏度
2026-05-01 15:03:00,pressure,0.9,MPa
2026-05-01 15:03:00,vibration,0.87,mm/s
2026-05-01 15:04:00,temperature,24.58,摄氏度
2026-05-01 15:04:00,pressure,1.09,MPa
2026-05-01 15:04:00,vibration,4.52,mm/s
2026-05-01 15:05:00,temperature,21.1,摄氏度
2026-05-01 15:05:00,pressure,2.33,MPa
2026-05-01 15:05:00,vibration,0.61,mm/s
2026-05-01 15:06:00,temperature,27.86,摄氏度
2026-05-01 15:06:00,pressure,1.18,MPa
2026-05-01 15:06:00,vibration,1.99,mm/s
2026-05-01 15:07:00,temperature,25.53,摄氏度
2026-05-01 15:07:00,pressure,0.83,MPa
2026-05-01 15:07:00,vibration,2.05,mm/s
2026-05-01 15:08:00,temperature,24.0,摄氏度
2026-05-01 15:08:00,pressure,1.03,MPa
2026-05-01 15:08:00,vibration,2.23,mm/s
2026-05-01 15:09:00,temperature,23.45,摄氏度
2026-05-01 15:09:00,pressure,0.84,MPa
2026-05-01 15:09:00,vibration,3.47,mm/s
2026-05-01 15:10:00,temperature,24.55,摄氏度
2026-05-01 15:10:00,pressure,0.98,MPa
2026-05-01 15:10:00,vibration,3.78,mm/s
2026-05-01 15:11:00,temperature,33.22,摄氏度
2026-05-01 15:11:00,pressure,0.88,MPa
2026-05-01 15:11:00,vibration,0.27,mm/s
2026-05-01 15:12:00,temperature,20.08,摄氏度
2026-05-01 15:12:00,pressure,0.92,MPa
2026-05-01 15:12:00,vibration,0.49,mm/s
2026-05-01 15:13:00,temperature,98.67,摄氏度
2026-05-01 15:13:00,pressure,2.9,MPa
2026-05-01 15:13:00,vibration,3.86,mm/s
2026-05-01 15:14:00,temperature,28.42,摄氏度
2026-05-01 15:14:00,pressure,1.1,MPa
2026-05-01 15:14:00,vibration,2.25,mm/s
2026-05-01 15:15:00,temperature,25.51,摄氏度
2026-05-01 15:15:00,pressure,1.13,MPa
2026-05-01 15:15:00,vibration,2.94,mm/s
2026-05-01 15:16:00,temperature,25.73,摄氏度
2026-05-01 15:16:00,pressure,1.16,MPa
2026-05-01 15:16:00,vibration,3.59,mm/s
2026-05-01 15:17:00,temperature,25.98,摄氏度
2026-05-01 15:17:00,pressure,0.84,MPa
2026-05-01 15:17:00,vibration,3.65,mm/s
2026-05-01 15:18:00,temperature,21.82,摄氏度
2026-05-01 15:18:00,pressure,0.83,MPa
2026-05-01 15:18:00,vibration,0.7,mm/s
2026-05-01 15:19:00,temperature,31.3,摄氏度
2026-05-01 15:19:00,pressure,1.19,MPa
2026-05-01 15:19:00,vibration,4.13,mm/s
2026-05-01 15:20:00,temperature,25.02,摄氏度
2026-05-01 15:20:00,pressure,1.2,MPa
2026-05-01 15:20:00,vibration,0.57,mm/s
2026-05-01 15:21:00,temperature,27.97,摄氏度
2026-05-01 15:21:00,pressure,1.07,MPa
2026-05-01 15:21:00,vibration,4.77,mm/s
2026-05-01 15:22:00,temperature,24.15,摄氏度
2026-05-01 15:22:00,pressure,0.81,MPa
2026-05-01 15:22:00,vibration,2.32,mm/s
2026-05-01 15:23:00,temperature,24.5,摄氏度
2026-05-01 15:23:00,pressure,1.14,MPa
2026-05-01 15:23:00,vibration,4.5,mm/s
2026-05-01 15:24:00,temperature,32.9,摄氏度
2026-05-01 15:24:00,pressure,0.87,MPa
2026-05-01 15:24:00,vibration,0.51,mm/s
2026-05-01 15:25:00,temperature,33.92,摄氏度
2026-05-01 15:25:00,pressure,1.01,MPa
2026-05-01 15:25:00,vibration,2.3,mm/s
2026-05-01 15:26:00,temperature,29.99,摄氏度
2026-05-01 15:26:00,pressure,0.82,MPa
2026-05-01 15:26:00,vibration,0.77,mm/s
2026-05-01 15:27:00,temperature,26.4,摄氏度
2026-05-01 15:27:00,pressure,1.06,MPa
2026-05-01 15:27:00,vibration,1.75,mm/s
2026-05-01 15:28:00,temperature,32.64,摄氏度
2026-05-01 15:28:00,pressure,1.1,MPa
2026-05-01 15:28:00,vibration,2.49,mm/s
2026-05-01 15:29:00,temperature,27.18,摄氏度
2026-05-01 15:29:00,pressure,1.14,MPa
2026-05-01 15:29:00,vibration,4.15,mm/s
2026-05-01 15:30:00,temperature,21.73,摄氏度
2026-05-01 15:30:00,pressure,1.05,MPa
2026-05-01 15:30:00,vibration,2.85,mm/s
2026-05-01 15:31:00,temperature,24.75,摄氏度
2026-05-01 15:31:00,pressure,0.82,MPa
2026-05-01 15:31:00,vibration,23.34,mm/s
2026-05-01 15:32:00,temperature,21.43,摄氏度
2026-05-01 15:32:00,pressure,1.03,MPa
2026-05-01 15:32:00,vibration,2.08,mm/s
2026-05-01 15:33:00,temperature,34.08,摄氏度
2026-05-01 15:33:00,pressure,1.19,MPa
2026-05-01 15:33:00,vibration,4.76,mm/s
2026-05-01 15:34:00,temperature,26.73,摄氏度
2026-05-01 15:34:00,pressure,1.12,MPa
2026-05-01 15:34:00,vibration,4.7,mm/s
2026-05-01 15:35:00,temperature,31.43,摄氏度
2026-05-01 15:35:00,pressure,0.82,MPa
2026-05-01 15:35:00,vibration,4.96,mm/s
2026-05-01 15:36:00,temperature,32.77,摄氏度
2026-05-01 15:36:00,pressure,1.07,MPa
2026-05-01 15:36:00,vibration,2.33,mm/s
2026-05-01 15:37:00,temperature,22.17,摄氏度
2026-05-01 15:37:00,pressure,1.16,MPa
2026-05-01 15:37:00,vibration,0.97,mm/s
2026-05-01 15:38:00,temperature,32.91,摄氏度
2026-05-01 15:38:00,pressure,1.05,MPa
2026-05-01 15:38:00,vibration,0.85,mm/s
2026-05-01 15:39:00,temperature,32.36,摄氏度
2026-05-01 15:39:00,pressure,1.14,MPa
2026-05-01 15:39:00,vibration,1.77,mm/s
2026-05-01 15:40:00,temperature,33.76,摄氏度
2026-05-01 15:40:00,pressure,0.94,MPa
2026-05-01 15:40:00,vibration,19.4,mm/s
2026-05-01 15:41:00,temperature,31.41,摄氏度
2026-05-01 15:41:00,pressure,1.19,MPa
2026-05-01 15:41:00,vibration,0.39,mm/s
2026-05-01 15:42:00,temperature,22.36,摄氏度
2026-05-01 15:42:00,pressure,1.0,MPa
2026-05-01 15:42:00,vibration,1.56,mm/s
2026-05-01 15:43:00,temperature,28.52,摄氏度
2026-05-01 15:43:00,pressure,2.2,MPa
2026-05-01 15:43:00,vibration,0.8,mm/s
2026-05-01 15:44:00,temperature,28.74,摄氏度
2026-05-01 15:44:00,pressure,1.19,MPa
2026-05-01 15:44:00,vibration,0.3,mm/s
2026-05-01 15:45:00,temperature,24.99,摄氏度
2026-05-01 15:45:00,pressure,1.02,MPa
2026-05-01 15:45:00,vibration,0.66,mm/s
2026-05-01 15:46:00,temperature,28.24,摄氏度
2026-05-01 15:46:00,pressure,1.03,MPa
2026-05-01 15:46:00,vibration,4.09,mm/s
2026-05-01 15:47:00,temperature,27.86,摄氏度
2026-05-01 15:47:00,pressure,0.95,MPa
2026-05-01 15:47:00,vibration,2.36,mm/s
2026-05-01 15:48:00,temperature,27.51,摄氏度
2026-05-01 15:48:00,pressure,1.1,MPa
2026-05-01 15:48:00,vibration,1.23,mm/s
2026-05-01 15:49:00,temperature,23.5,摄氏度
2026-05-01 15:49:00,pressure,1.08,MPa
2026-05-01 15:49:00,vibration,2.71,mm/s
2026-05-01 15:50:00,temperature,27.94,摄氏度
2026-05-01 15:50:00,pressure,1.09,MPa
2026-05-01 15:50:00,vibration,24.89,mm/s
2026-05-01 15:51:00,temperature,28.63,摄氏度
2026-05-01 15:51:00,pressure,1.18,MPa
2026-05-01 15:51:00,vibration,2.5,mm/s
2026-05-01 15:52:00,temperature,30.44,摄氏度
2026-05-01 15:52:00,pressure,1.11,MPa
2026-05-01 15:52:00,vibration,24.36,mm/s
2026-05-01 15:53:00,temperature,34.34,摄氏度
2026-05-01 15:53:00,pressure,0.89,MPa
2026-05-01 15:53:00,vibration,4.72,mm/s
2026-05-01 15:54:00,temperature,31.25,摄氏度
2026-05-01 15:54:00,pressure,1.04,MPa
2026-05-01 15:54:00,vibration,20.84,mm/s
2026-05-01 15:55:00,temperature,25.51,摄氏度
2026-05-01 15:55:00,pressure,1.17,MPa
2026-05-01 15:55:00,vibration,1.04,mm/s
2026-05-01 15:56:00,temperature,26.84,摄氏度
2026-05-01 15:56:00,pressure,2.72,MPa
2026-05-01 15:56:00,vibration,4.34,mm/s
2026-05-01 15:57:00,temperature,26.46,摄氏度
2026-05-01 15:57:00,pressure,0.83,MPa
2026-05-01 15:57:00,vibration,1.47,mm/s
2026-05-01 15:58:00,temperature,31.33,摄氏度
2026-05-01 15:58:00,pressure,1.12,MPa
2026-05-01 15:58:00,vibration,1.51,mm/s
2026-05-01 15:59:00,temperature,25.67,摄氏度
2026-05-01 15:59:00,pressure,0.82,MPa
2026-05-01 15:59:00,vibration,1.72,mm/s
2026-05-01 16:00:00,temperature,31.18,摄氏度
2026-05-01 16:00:00,pressure,1.11,MPa
2026-05-01 16:00:00,vibration,4.05,mm/s
2026-05-01 16:01:00,temperature,32.85,摄氏度
2026-05-01 16:01:00,pressure,1.19,MPa
2026-05-01 16:01:00,vibration,2.91,mm/s
2026-05-01 16:02:00,temperature,34.09,摄氏度
2026-05-01 16:02:00,pressure,1.18,MPa
2026-05-01 16:02:00,vibration,3.01,mm/s
2026-05-01 16:03:00,temperature,23.62,摄氏度
2026-05-01 16:03:00,pressure,1.04,MPa
2026-05-01 16:03:00,vibration,3.15,mm/s
2026-05-01 16:04:00,temperature,26.51,摄氏度
2026-05-01 16:04:00,pressure,0.87,MPa
2026-05-01 16:04:00,vibration,3.09,mm/s
2026-05-01 16:05:00,temperature,26.71,摄氏度
2026-05-01 16:05:00,pressure,1.05,MPa
2026-05-01 16:05:00,vibration,0.29,mm/s
2026-05-01 16:06:00,temperature,21.76,摄氏度
2026-05-01 16:06:00,pressure,0.81,MPa
2026-05-01 16:06:00,vibration,1.2,mm/s
2026-05-01 16:07:00,temperature,33.68,摄氏度
2026-05-01 16:07:00,pressure,0.86,MPa
2026-05-01 16:07:00,vibration,2.91,mm/s
2026-05-01 16:08:00,temperature,25.32,摄氏度
2026-05-01 16:08:00,pressure,1.1,MPa
2026-05-01 16:08:00,vibration,4.72,mm/s
2026-05-01 16:09:00,temperature,28.29,摄氏度
2026-05-01 16:09:00,pressure,1.07,MPa
2026-05-01 16:09:00,vibration,4.53,mm/s
2026-05-01 16:10:00,temperature,21.24,摄氏度
2026-05-01 16:10:00,pressure,1.11,MPa
2026-05-01 16:10:00,vibration,4.2,mm/s
2026-05-01 16:11:00,temperature,29.3,摄氏度
2026-05-01 16:11:00,pressure,0.96,MPa
2026-05-01 16:11:00,vibration,1.48,mm/s
2026-05-01 16:12:00,temperature,34.37,摄氏度
2026-05-01 16:12:00,pressure,1.08,MPa
2026-05-01 16:12:00,vibration,3.64,mm/s
2026-05-01 16:13:00,temperature,24.05,摄氏度
2026-05-01 16:13:00,pressure,0.85,MPa
2026-05-01 16:13:00,vibration,3.88,mm/s
2026-05-01 16:14:00,temperature,29.81,摄氏度
2026-05-01 16:14:00,pressure,1.0,MPa
2026-05-01 16:14:00,vibration,21.96,mm/s
2026-05-01 16:15:00,temperature,25.19,摄氏度
2026-05-01 16:15:00,pressure,0.96,MPa
2026-05-01 16:15:00,vibration,4.74,mm/s
2026-05-01 16:16:00,temperature,33.27,摄氏度
2026-05-01 16:16:00,pressure,0.94,MPa
2026-05-01 16:16:00,vibration,1.88,mm/s
2026-05-01 16:17:00,temperature,29.74,摄氏度
2026-05-01 16:17:00,pressure,1.04,MPa
2026-05-01 16:17:00,vibration,4.82,mm/s
2026-05-01 16:18:00,temperature,23.58,摄氏度
2026-05-01 16:18:00,pressure,2.52,MPa
2026-05-01 16:18:00,vibration,18.98,mm/s
2026-05-01 16:19:00,temperature,28.85,摄氏度
2026-05-01 16:19:00,pressure,1.02,MPa
2026-05-01 16:19:00,vibration,0.21,mm/s
